"Normal","Weibull","Poisson","MixNormal","Normal2"
-0.112892121555001,1.0349502999324,0,1.44962369109467,1000.59183873377
-0.381819372763708,0.725829127369882,0,1.11858279152278,1000.73060165269
-0.0916917593814823,0.259161328547934,0,10.7102249182023,1001.01710269376
0.0360452055292045,0.705877205270693,2,-0.342940544621634,999.117307209016
0.00206001102928009,0.886697652019612,1,14.6831356598917,1001.6257789866
1.25492340707768,0.164555012478621,1,10.5743579476188,999.901962900418
0.589883973127714,0.629825174962632,2,0.635325202788475,998.447627082794
0.302208595159484,0.545133771099267,2,7.2581029168801,1000.6510748494
0.905741047619397,1.38392018469511,1,8.25293256069893,1001.89350040791
0.054724886746421,1.19300762755219,0,-1.82408930350158,1001.69638791356
-0.813082453377361,1.60742392381565,2,11.014946416934,1000.34025709367
1.38071360168411,0.564849168972074,0,10.2919674125461,1000.3833151632
-0.438713577068885,1.14478446739769,1,1.00640794048691,999.511861703004
-1.27882129594207,0.681415701470443,1,11.5766342426378,1000.01686033084
-0.605851913493697,1.36956443507719,1,11.7427468316107,1000.34380499321
0.92347602102822,0.629553200351538,1,9.31200780324291,997.912263698064
0.565695641179354,0.795268069380642,0,5.70054103512998,999.702383747846
-0.0586359986104486,0.107596838041815,1,12.8931837046058,999.726653495422
0.157826971856982,1.04189016663114,0,11.2039598898124,999.573673161263
-0.385870815413357,0.610453985930151,0,10.4661166703569,1001.57984790578
-0.585552096771861,0.566086861791948,1,8.55481096774757,998.778671228413
0.661382883936533,1.29055508909131,0,7.60394980528118,999.612238877541
-0.7555400171596,1.53896726152184,0,0.860857892370227,999.687183088126
0.474766652481015,0.699583941443339,1,-0.662998370664323,999.106010793186
-0.694451651139034,1.15947774581134,0,-0.0309884723030902,998.781212182544
0.57065101743693,0.933028953587386,0,1.26079322461634,998.394153676994
0.640434103935763,0.496995798456472,0,0.0435071863717976,999.843331976702
0.281067347286759,1.33830756649972,0,0.439720762515408,1000.1184222113
0.181391710181991,1.37974433622064,2,1.44800038605257,999.851494652448
0.813183285602183,0.365468596765961,1,8.548077436235,997.229120954453
1.13959862196365,1.64409565750808,0,6.803908222663,1000.31991601199
-0.270551544256165,1.65316891029221,3,-0.622859203915852,1000.25214490662
-2.28007836324965,0.58987871915517,0,0.358828536130237,999.703610843868
-0.157215629527137,0.150562299336853,0,7.63994292148003,999.189914951903
-1.0670846967501,1.31903136777654,0,2.4784769413693,998.356291103345
-0.966558747159296,1.47828361685481,0,1.91778907183814,999.584621159345
-0.807101855179339,1.65944410073756,0,-1.02065810134121,999.832131208276
-0.22997284556393,0.658087538517997,1,-0.12944019106225,998.428938776931
-0.162595817857875,0.900188606452136,1,13.8278044321219,999.506079456233
1.43465785487812,1.33550092485311,0,9.4638676949758,1000.11987546177
-0.223355027268638,0.925451743690777,1,7.46728915864758,999.722628882543
0.56127383949816,1.87322870265415,0,0.470208491502042,1000.46898714362
-0.708446875008145,0.273782843799445,1,9.49438351019912,1001.25644893902
0.259766348188123,0.660660436609193,1,2.85721911159018,1000.72749049569
-0.202299867339651,0.44267517665284,0,8.89005104648614,1000.21062931077
1.86237096764876,1.07965989397607,0,0.495371178728097,1001.51272887168
0.520868070348645,1.15282106865402,3,0.616989375821079,1001.24786884878
-1.56104046155043,1.00402750554311,4,11.2707638631722,999.410804757251
-1.22969122298727,0.84895925594484,3,7.75301645165325,999.011958382755
-1.00637512487963,0.77081566978255,0,-0.656295101035904,999.487349258059
-0.978219216634043,0.625899395229017,0,0.528467348467198,998.285794213992
-0.129105455227218,0.434801011670626,1,11.3247230196262,999.936786410179
-2.27496910908143,1.24421462951975,2,5.76785908983738,999.076496431509
0.526789572727978,0.797767401746286,0,8.81987032250113,999.516476851257
-0.53159349042355,1.49503848817506,1,12.6134183102899,997.765087140763
2.32344484278416,0.131948670156926,0,1.31778902941042,999.078099126672
0.0555747522262539,0.0752556221010328,0,1.16214332420686,1000.77307282181
-0.362293301581479,0.834116198865591,1,12.0919963751153,998.373301318825
-0.569485790057628,0.408065053177174,0,2.4610273364294,999.743792494025
-0.0142066389127798,0.786791436223903,1,14.2457435086769,998.076217446589
1.35525673163428,0.94672694265942,1,2.05183513718826,999.571644768173
1.29089954079177,0.112321733451282,0,-0.0776183567509972,1001.23999492604
-0.895798322581764,0.259774942311592,1,11.3835590766188,998.585352202089
-0.367692647683947,0.35008507950134,0,11.1617740877499,999.719888547419
1.00406389901041,1.55270580883019,2,2.01360867591692,998.74562557592
1.12473232678835,0.26130233336479,1,-1.66538628106738,998.219419766621
-0.0595432139594554,0.751815152130474,2,-0.394123965923987,1000.02187498675
0.750268758831636,0.307102635870424,0,0.383967384696155,999.660824049022
0.350264325910834,1.26369769110192,1,11.8184685692041,998.306818604133
-1.55900782677695,1.1273806424083,2,1.22965517812227,1000.70180030478
-1.68225957271546,0.295788149277399,1,0.838823531633316,1000.71844344594
-0.0905947776834093,0.215330618887214,0,1.63520398570606,999.023081599949
0.787366615300836,0.370871413857827,1,0.529436899358117,1000.18774912858
0.278501457079083,1.29341409796196,1,9.2425589580365,998.599183019448
-0.171160146476842,0.346999303732253,0,0.975817020958197,999.493500506233
-1.53249437650716,1.04418963016205,3,8.60451606567582,1000.27908422928
0.408029204934601,0.884773404465731,0,9.76966150568943,1000.28495754868
0.598086805842048,0.836019148594625,1,-0.31528246863463,998.784445519191
-1.14641064662058,0.290049121678704,0,9.09104996240855,998.725116854081
-0.223283454896339,0.161158432185413,1,13.1320171771641,999.279606785827
-0.0634842861072072,0.708941414518224,1,13.3477395891856,1000.55933338627
0.446050174402633,1.13670478616389,0,8.70105717059872,1000.2981572193
-1.98131034370542,1.07310435333914,1,0.515127332422535,1001.7301101446
-0.728085729073114,0.794343166229811,0,-0.4405488475252,1000.45643069062
1.12161663659316,1.68578384668298,0,5.62748613161398,1000.30466744488
-0.0516040121018998,0.297212951968268,2,12.8952567118331,1000.35573979373
1.37302726543466,0.603077888375597,1,0.504477120737379,999.249862327628
0.238812241049255,0.873797747322778,0,12.6624226518655,998.961868883119
0.625665899162029,1.71340980120543,0,10.6704331382232,999.001957963741
-0.0550589861836477,0.992968349277868,0,6.19336623770345,1000.43278123016
-0.24572437722619,0.772352195408257,1,11.175033463412,1000.06504575046
-0.979670527397549,1.24858363074825,1,0.30912533231879,999.86085491518
0.395739101587548,0.0610089173753204,0,11.868777713248,999.487395427038
-1.09402922472023,0.524041705021035,3,8.63838834885656,1000.32789012539
-1.19732673748403,0.936168965432616,3,1.08093611283024,998.998897490122
0.313664223884505,1.56408185513617,2,2.24463372653659,1000.27005217932
0.200408428785472,1.09320215124692,2,10.4487302821629,1001.19525914753
-1.94044885797704,1.07437097280637,1,1.31230343619681,999.054175854684
1.69269856493865,1.23634060437468,1,9.10896724965944,999.869839282987
-0.406277969713022,0.623198826220128,1,10.7669783460395,1001.12276457242
0.0731212069436131,0.61174011592575,3,11.4652537268224,1000.49114948915
-0.333806527725021,0.184950968638926,1,10.5935282323314,1001.40600567058
-2.26829176180615,0.631342557869234,1,7.62687870234659,998.43256822162
-1.11048170988831,1.57443589706285,0,7.93766926892321,1000.74880156079
0.211497090759174,0.654261074646205,0,1.82924646998474,1000.33224133718
-0.0162857147412715,0.0578155348156139,1,0.877079970241092,1000.01820780933
0.21386573803653,0.885760878081175,0,2.49757371938858,999.200796982182
0.501571722262148,0.829319735017801,1,2.91210162265326,999.913576355069
0.229646218629606,0.876656451985877,1,0.529424785343833,1000.83043812397
0.418939444604796,1.28586974602107,1,8.18525969871837,1001.80756884989
0.329528445054425,0.999163141178724,3,10.8061004693775,998.843597039507
0.0407783341637858,0.828861147695826,1,11.090078365451,1000.26554757862
1.46330040039187,2.47079212735977,2,9.88376668408165,999.291928130491
-0.711780833153789,0.423677319079017,0,8.10948549550683,999.931832389685
0.481125021684326,1.56583750365698,1,8.75165802390683,1001.30525696904
0.449897818270649,0.628014674069399,1,1.68378950985875,998.246042299342
-0.421437230426048,1.65136204860179,0,0.729798303386932,1000.88755678261
0.150252241451144,0.489628146186564,1,0.568412950284662,999.697584380882
-0.22224918068891,1.20452087371719,1,0.0933238749073459,1001.10274805536
0.457280116736999,0.606210438679292,1,9.32891430942103,999.368787388721
1.34393548576541,0.573927163429193,2,7.66361837805319,1000.35478441004
0.384075707653277,0.277099510022409,0,10.0295477931705,999.602355137954
-0.478748634620061,0.901789537808897,1,3.66256315275915,1001.3594557971
-0.631164016816916,0.39685327746934,1,0.732315103112573,999.893954059094
-0.548141642116478,0.59053230655914,0,4.68571331706164,999.540223708784
-0.870255922848009,2.08403208974389,0,1.44778662206737,1002.40548875728
-1.26844333504106,1.27922630943643,2,13.3582474425117,1000.01158963855
-1.48506375368391,0.13980514482622,1,1.01849415527026,1000.14269517979
0.67886806310533,0.461236237577655,0,8.52183629038419,1001.01050054188
0.157506469442463,0.632672280909361,0,8.98762725851645,998.922542142285
2.78734101235338,0.438202437032133,4,0.604055271315946,1000.60197436666
-1.12014698296884,1.41675644539471,2,-1.4320359294402,999.121070464106
0.133703674056289,1.22805605247389,0,7.92258028093128,999.826565191264
-0.605330823161087,1.1842536865113,1,0.573648265890406,1000.57184971954
-0.653757640682351,0.678259437117106,3,1.61519718169739,1000.36022485121
0.459662614017675,1.4474826507422,0,14.4540803184792,1001.12265877176
-0.895485488401197,0.706480145027366,0,3.25736758337043,1000.09449294455
0.162452400313449,1.00076055418737,2,9.98690923637849,1000.21470823196
1.37671174373888,0.669660589679229,0,11.5190339828748,1000.2248034085
0.602371392561807,0.995955685892256,0,1.16008373247747,999.829155432147
-1.21413317533506,1.39815470389043,0,10.1322205704943,999.332695770711
-1.35343414172901,0.658630585580652,0,-0.326182393730779,1000.8675295207
-0.658343021962725,0.465605419989075,0,6.87415880520654,999.63330031278
-0.0949525248854968,0.74110586962806,1,1.77647093199572,999.20350873425
1.19228866209289,0.619367478427279,1,12.8382643911672,1000.64021274711
0.30615128104025,0.551932483699428,2,0.574281405605465,999.672096395303
-0.681777081651448,1.33722972564867,0,1.06279974732827,1000.08726294459
0.240720515000442,1.95702617277044,1,7.7952681661573,1001.24456580121
-0.853437962272972,0.86236964558422,0,1.04945838813701,998.947253559378
-1.45205954451733,1.29381620947803,0,11.4746385353755,1000.26193106488
-0.215881663785507,1.00817804991022,0,13.8280751976594,999.480358210566
0.893444582365202,0.794629562646009,1,0.139303272282286,999.155014678775
0.0216178495527013,1.36052151151541,1,10.2155181323193,1000.47161721244
-1.06819286003019,1.01165219727996,1,13.0819862093715,999.853936394293
1.25485551230349,1.34951495493864,0,8.18284849418623,1000.51695789222
-0.151710396745766,0.930828111016129,0,11.3646254430415,998.087338128543
1.44035610081674,0.53961023702206,1,6.95313359941165,998.90794091248
1.34357027916621,1.02067835034736,1,9.77711708129628,999.852145565158
-2.13881253260692,1.08598552471216,0,0.350355794293401,1002.05542871563
-0.245251418509622,2.00149763849667,2,12.9198127488054,1001.16294124009
-1.46281347934482,1.48503137209651,1,2.38586402839344,999.199780783725
-1.76541734021016,1.03712851416334,2,9.66533949661014,1000.14063927219
0.643679542406475,0.810305373443048,1,0.418591612399619,997.955001203376
-0.968504838547273,0.590982970446953,2,0.235176232501894,999.60578746465
-0.939264850163818,0.754493033801345,2,11.2795522566072,998.421867702698
0.0962044475145351,1.42014468993751,2,9.95134469021868,999.691057830793
-0.204099368617095,0.610131393428002,1,8.75090608012552,1001.05062168065
1.10069453126607,0.377668091272635,0,8.44556852882253,1000.58031809817
-1.8705324090204,0.589593774160227,2,1.80678476210509,999.640184906971
0.205312470983177,0.645121105962029,2,10.6278559741231,1000.30884498148
-0.923824714253799,1.4001467175407,4,12.0540463465154,1000.17101982216
-0.6300854732698,0.724507499012073,1,1.36011605439191,1000.44732995866
1.98763409072853,0.709541359023529,1,1.62313189500545,1000.60820882875
1.28615452177309,0.641954898785721,2,-0.374572128884203,999.956388379902
0.33625019294672,0.310162538099927,1,1.47307699866096,1001.06903116114
-0.334016431794124,1.21560797414365,4,-0.0116394255590742,1001.06297437712
-1.51487550346369,1.20777829279305,1,0.171181824033548,1000.11192038937
-1.32543214258074,1.21757465511426,2,1.39401588922235,1000.37654805377
0.57156659033718,1.27507765973273,4,0.678151066708757,1000.47323424262
-0.71651392219931,0.814134915087116,3,1.57941206164472,999.529275278908
-0.59619106528974,0.620383234407443,0,11.0630387411496,998.257405300838
0.339405337270911,1.35789341138883,1,2.26559418337775,1001.07451056988
-0.297114483919118,0.355944377356884,1,1.7840281142251,1000.2583386161
-0.62411037559094,1.43677994930871,0,8.57232678147957,1001.67655070485
-0.527923036587465,0.70379060495508,1,10.4782362895228,1000.39396541586
1.19451056395415,0.415081871941784,1,8.27966216461077,999.148331421764
-0.152014381442018,0.770299378813028,0,7.04249163376219,1003.00982971039
0.820717165051657,1.0406151890409,2,8.45617815124593,999.454818572679
0.87312908982726,1.58314031346081,2,1.44720822329573,999.490404851299
0.228103983777488,0.66042544846586,0,7.47121021782842,999.280993535669
0.346610887481091,0.485260830445951,1,-0.117070944577521,999.201384364143
-1.48622517720382,0.253088921349598,2,8.77498612420108,1000.77681894913
-0.469381310274272,0.443062227224135,1,0.825842101685243,998.602941079887
0.0434526760967163,0.533108620715616,0,1.16759700929455,999.945190670363
0.988788191533043,0.49102300173447,1,11.7096629467541,999.623928767342
-0.0797275455954797,0.686447156934834,0,9.42508317934453,1002.50512006708
0.710893306313001,0.330141761650628,2,0.405813488682583,999.445607615394
-0.66364073698515,0.685336487626945,2,9.31632710943737,1001.74413285249
-0.440168346682104,0.520571339315437,1,0.804499015803239,999.384669973152
1.00934606394044,1.56158834777867,3,3.79685665741345,1000.63349428475
-0.0655138490974875,0.286736747779535,1,0.320559105024218,1000.21901903031
0.509868147486191,0.450038430303252,0,11.5628347720193,998.507469688182
1.54151854208049,1.1214209854248,2,1.63403269497627,999.992069121106
1.88331917698597,1.71639745117989,1,9.97793992932951,1002.37534842386
-1.23648204069137,0.712312269561659,0,2.91805411117192,1000.51844016464
0.508471765949786,0.289161291266717,1,1.01648528212172,1000.8014682756
0.707255209378321,0.263955980492851,0,1.14303546639877,999.846003193019
-0.219063075444209,0.973479971629311,0,1.88905333785645,998.198126037952
0.244153898666805,0.858212440439169,3,-0.883027236316654,1000.2550039772
0.150051168070123,1.20472789088442,0,0.891918323148631,998.426466311049
0.622206991266181,1.14431567829267,1,1.49219839368421,999.493714350942
-0.717374666522648,0.208786776689121,3,8.81532261873624,1001.22121355514
-1.96157383547143,0.79609207092989,1,10.4426569874742,998.905027588386
-0.0117491100772768,0.19222835640711,0,0.554986338550698,1000.8459993374
-0.11396041467832,1.49849419787312,1,0.735538031237944,1000.0664801946
0.131297605360834,0.436000789380924,2,7.21848113067539,998.11557228799
-1.38543423816054,0.904637954656348,3,2.26625287584458,1000.82117418788
1.50207825283731,0.524921731513713,0,-0.146150020076837,997.70686475618
-0.711459232387525,1.40072594920507,0,11.5461604553897,1000.20933144132
0.482210448907334,1.25602150625583,2,0.877790729286052,1001.63567614206
1.8473759255461,0.403619755002614,1,9.39739052484033,999.59729796988
1.17420029404638,0.398078950123431,0,1.39959411686434,998.974560541831
0.81923512809121,2.19528934969109,0,8.53362996872634,999.756618597706
0.28193128968164,0.691224152839334,1,0.564009167816648,999.344035091097
-1.33646393987234,0.95280863986051,1,0.802326064543846,999.164577147366
-0.617854062893971,1.59639830851292,1,10.3425742542615,1000.85866218125
-0.970567912484072,1.80534050527677,1,0.40646521488631,999.890677952505
0.217852772579369,0.844597585610038,1,10.939163642956,999.487936887675
-1.26542322230088,0.205688269290685,0,-0.503733422263484,1000.48872708522
1.00653331461473,0.772774816316356,3,0.87901704108393,1000.20485390313
-2.25140969899747,1.18208625344505,1,1.32393072491991,1001.70714218304
-0.716133685758597,1.11387787139181,1,6.75328109126618,1000.47932809372
0.957767847658631,1.0299246531614,1,7.34915145929936,998.588454102725
-0.0335379334076824,0.445716045848602,0,2.59995051344631,1000.78386537909
0.316568338103849,0.535471867400941,0,0.484205402017379,999.973851829698
0.0470865705376568,1.03753602951297,1,10.8400605168557,1000.36652975186
-0.998285192930506,1.88283591570634,3,0.304635705330669,1001.43329915704
-0.645511445993571,1.93746892961903,0,2.11036310784259,999.335583971242
1.40642051706153,1.31977607035413,0,2.54785708753137,1000.80720627427
0.295402580792097,0.813845212225412,0,6.73197720264429,999.434332854835
-0.235472973445704,0.552681631163433,0,-0.329421802949232,997.452348866597
-0.262528375003954,0.743285316932005,2,11.1747848591284,1000.99246118515
0.998209833771386,1.73361484172855,0,11.9120467020749,1000.37415088694
0.682795892196412,1.44090540835981,2,10.6222050159762,1000.14260007184
-0.0554355219430522,0.394916413808752,1,-0.622613060468784,1000.22549361157
-2.15418141178167,1.16191504698058,0,2.17270482392576,1000.61465081038
1.17602887583855,1.38891099691212,2,1.33512774257416,1000.1349137714
0.568000281024971,0.756743652904389,2,7.67302466889449,999.792814501911
-1.02848177522618,0.610553342906362,0,2.00619927695897,999.601114368285
0.144806031165182,1.43351883932242,0,2.85628365140189,1000.20064780205
-1.45107615239174,0.885229952339333,0,0.874695187136037,998.519560734306
-1.66823873979297,1.45972982068402,1,0.719092148048812,1000.1556221015
0.902169592698302,1.59259212621705,0,11.5967921365435,1001.71361389776
-2.01920957921401,1.41415390962395,2,0.630677764163116,1000.02617699384
-2.42907202178475,0.519898426201469,2,5.83004721558845,1000.76008030277
1.44489595546024,0.419659335168266,2,9.1157248686737,999.384692814147
1.19829656158154,0.991476704921876,0,0.546589638649479,999.549031890483
-0.139573814656774,1.30669332139826,1,10.2634725938508,999.381534276992
-1.6102171479118,1.26003003433304,1,8.69582219334309,999.296491817369
-0.0588975492372227,0.251417745219554,2,0.425042304618681,1000.8722505363
-0.0899158228410208,1.30148469757059,2,-0.439748314085775,997.609985889275
-0.237663199905389,0.488407336718788,1,7.07900249918366,1001.40883862939
0.53132306644692,1.50108054800364,0,1.39170369829082,999.988787661949
-0.214310426487549,0.800780881493098,1,9.66034876431745,1000.93915699836
0.924324420907815,0.815694564368261,0,9.06398771747025,1000.31176686391
1.61654635374873,0.256937367518299,2,1.39556527494978,999.902921925594
0.100888211272315,0.454342396914292,2,1.59825472431087,999.836632634792
1.46294834484706,1.43084004861013,1,1.68606675225218,1000.7442188044
-2.92348359717856,0.431114618888144,2,10.2823971908337,1000.49199812508
0.586521900477756,0.727399989767483,2,11.6320304527385,999.002675645125
0.675852039414067,0.826283984276637,0,-0.613058627555447,999.264236062127
1.33566849309794,1.2224218028222,1,11.9559171246763,999.473746126775
-0.812213562384834,0.485703139779252,1,9.09030117181178,1000.31591164804
0.40451891875938,0.162832216949361,2,8.8316636052531,1002.18997010537
-0.632027168145955,0.813591760783555,1,10.7831338097533,999.043941429285
1.79053818109559,0.571321572512252,3,0.740970048532166,1000.78041585773
2.08169272228145,0.645659906320434,0,-0.962424455667633,1000.09816104632
0.0559687946879503,0.944951954637065,0,-0.199188857870469,999.817463837578
-0.542962153707807,1.17173199755882,0,1.817363309914,999.947117650396
0.257644732581464,0.665381154640992,2,8.40226701122328,999.975744429029
1.38223578798825,1.04061171415059,2,10.898127688132,999.903309461831
0.545397414852889,0.758109521235888,0,0.934893465858243,999.012713436107
0.382204261261064,0.85753808804841,1,13.1085015209594,1000.63734429086
1.35698722545656,0.483137500289349,1,1.4608175425501,999.872556926903
-1.60735383592923,0.794210334261873,3,6.78762555446009,1000.59993713547
1.00870808425419,0.855206139643271,1,12.0306463280584,1000.85723032727
-0.0211422428471197,0.695135843777239,2,0.962452724010074,1000.1784292532
-0.740907353840414,0.633036947780197,2,6.9263228832716,999.329229466278
-0.232258410878024,0.2653245042237,0,11.1408129471205,999.357346453188
0.3624885705684,1.35184093332107,3,11.2705701900608,999.973633731935
-0.874108589505899,1.22808784052455,2,2.24168085463818,998.51565036687
-0.778825543602643,1.03678871152726,0,12.3391194101369,999.154232746188
-0.814721948873579,0.58791312752006,1,0.0490522953416863,1001.36434216155
-0.927111935498454,0.450651444935002,3,-0.779644204196426,1000.52774542975
-1.58107460054057,0.99551264770674,1,-1.21867424454381,999.129143575541
-0.254441716935562,0.763806657927749,0,2.13889371987433,998.557517058352
-0.823135922537987,0.728642056425941,1,0.322057580681112,1001.23943192211
-1.70441380510076,1.03968056506064,1,12.8777238227127,1001.01182075315
-0.601573933208238,1.00957108143096,1,1.67592134991161,1000.9637051193
0.41162807914193,0.348330170281505,1,9.36909579181247,1000.0040555006
-0.911361670571156,0.965069248370812,2,1.93492696096155,1000.24004188066
2.12180976817062,0.125722450103882,0,2.46763898248328,1000.51126270359
-0.40603356290882,0.366945531949426,1,2.78133418909935,1001.64306298036
-0.713823624386851,0.433070940166529,1,10.1081735731697,999.582365206289
-0.538491960809705,1.76735189067965,1,0.993513039522421,999.206332936692
0.134395780146696,0.516257591519001,0,2.79902538929072,999.845232528211
-0.334411493185649,0.446808903337236,0,0.258668382818517,1000.44802029591
0.577907290701724,2.0165881812078,1,10.2913794248689,999.442825586671
0.253681783233139,0.461269657619162,1,11.164293017298,999.119691733002
0.268212491706437,1.06191686351921,3,7.48514465119202,1001.28119536011
-0.293463273553911,1.54164087663066,0,9.19621303142405,1000.63213802247
-0.220734736151715,1.41598967591775,1,0.192525944806268,1000.10906748626
-0.970000316630857,0.679343893635688,3,9.50309013536345,1000.96396466073
-1.54039216371427,1.13325627590989,0,8.00019168015974,999.595999455631
-0.632782911570357,0.814472195652648,1,8.81064238196252,1000.38889444729
-0.6163113660174,0.352826422120533,1,2.81242066549688,999.511425504734
0.0298434516047382,0.320220868003935,0,9.15623746743359,1001.19336213821
0.719816721905959,1.04041147191302,1,11.4218650189549,1000.27520359898
-0.999872162913406,1.34744334073466,2,10.1162528951614,997.497112265434
0.692600247862883,0.251306269542342,1,5.62887269395156,1000.80474428623
0.749291140492313,0.463423282528323,0,9.76266537532843,1000.13082294102
-0.647817978917394,0.481120958424453,2,-0.18697057218293,1002.57085628289
1.88970932012698,1.46129739312445,0,9.76731574655413,1001.2064692419
0.519836497199591,0.922724616907799,2,10.785118099402,999.226514438289
0.368559310867356,0.760697787670917,2,-1.94830320098667,999.788896200667
0.251830204253531,0.870359762421106,1,1.57519897737129,999.304106154977
-0.992076492069576,0.207467783426514,1,-0.613697022831682,999.533568580464
0.511169679156525,0.898035254610258,2,1.41875076702797,999.178825360229
0.914262098394691,1.66828166182257,0,1.27470563724413,1000.65728404761
-0.515689960929079,0.940435673822672,1,2.09579844603187,998.483927200934
0.539006672228953,1.14250507686929,1,0.383491094993349,1000.65439248961
-0.0472557245997047,1.71246575152476,0,8.23510926007803,998.475950513539
0.190404521420532,0.305129053770226,1,11.0566108940981,999.735854245834
0.592192313805322,0.505219004308188,0,0.270807569181944,999.028711934794
0.535540911819527,0.967616224038424,2,1.69183526265181,997.205964612698
1.20559160318856,0.440581135871644,0,0.492583855094591,1003.05219117339
0.393098464635936,1.27624083515428,1,-0.0392237080326994,999.099892964631
1.23673984907833,0.793214927655121,1,6.6834578038543,1000.68032225703
0.744984440415926,0.976325198774866,1,9.98644860615724,1000.21846910984
-0.134415434754353,1.00099142656993,1,8.9749366025246,1000.66724744419
-1.46206051803768,0.777376673706021,2,0.256471637009877,1000.47203873795
0.395729997686913,0.954719490116548,2,0.397784620151889,999.567606495306
0.675819225581704,0.894358476356333,0,11.7830811266811,1001.27771587078
0.509286461588517,0.705132913781619,0,-0.404964866277428,999.984714249901
0.842589610904251,0.706879639456396,2,9.11391792276167,1002.60983729905
1.33371242286392,0.325714854297091,1,8.62600004394729,1000.29470584409
-0.520979111093692,0.715053319300473,1,0.119154631966848,998.284174249766
0.170721276035439,0.787416896670877,2,0.779661255405945,998.511571008968
-0.187188388002253,0.558462067994383,2,13.039262607421,1000.66320648685
-1.40165186030965,1.10111877309122,0,0.49054935126234,1000.36610148021
-0.179322844435998,0.9790527338971,1,10.8234621973063,999.839575010496
-1.72510624684819,0.982274399118489,0,8.25810508112677,997.719729328595
-2.06267815519647,0.876808484445614,2,10.1094563472594,1000.29643181344
-0.904440529696423,0.155290841763695,3,-0.371435850529251,1000.24943705493
-1.34202148610384,0.515241961209227,1,10.9460862993474,999.602993214969
1.04777018611385,1.12211185243296,0,9.26872852675765,999.245434725138
-0.156681521307147,0.874158291893588,1,7.82583491502822,999.777090026264
-1.23054921751179,1.00921639735261,0,0.24250603315437,997.988277317024
-0.281403542451393,0.257497153577937,2,1.36708481521786,999.384279384402
1.07138592005394,1.21658092644437,0,11.6435981570141,1000.61223794221
-0.824572618164813,1.04779128500494,1,9.31403108472941,1000.04196826873
1.09448515752937,0.792544805559897,1,1.34549244385105,999.655291572769
-0.656365021453617,0.343514170198144,2,1.05396817499695,999.108806809455
0.925160688336083,0.888821363257208,1,-1.54529123629879,999.763373606367
1.48534053806318,0.764028229800584,0,-0.0286187776980762,999.965725310715
0.189318522626017,0.906941513795051,2,-0.137780887633573,1001.03435150786
-0.16954178767981,1.09706331186005,2,11.1167573429711,1001.98886256327
-0.460536719434633,1.06003173260836,0,1.44329571581275,1001.59840848812
1.29371165740269,1.05616057097527,0,1.17189153283191,1001.33166236907
-0.195738390139793,0.398187997333458,1,2.32842328992237,1001.44851147922
-0.138922729888848,1.02429347291984,2,10.1396558603642,999.895885443269
-0.159343178910963,0.591376049206799,1,9.61245435638751,999.680329209746
0.492003056055856,0.861722117518252,1,0.44152995276433,1000.69071507395
1.54737833296967,1.10286843178845,1,14.0243237866924,1000.90857827381
-0.144303932560312,0.348247655843367,0,0.0332385453727051,1000.10153786887
0.462733702500687,1.33973315330871,0,13.71922510433,1000.18382328455
0.435686922168975,0.396759749319951,2,11.6649304847708,998.998116633192
0.0651161711167628,1.76642036213691,1,1.49616249260245,1000.9928980051
0.287508073937775,1.18382056721797,0,10.3475969661301,999.82007169525
0.249333853988276,1.216095552753,0,2.66611846035657,1000.64812772232
-0.830212544205582,0.931091270010693,0,14.5061430319689,1001.2492292562
-0.478172642867828,0.133028836293943,1,9.85638582824761,1001.0103204798
1.33919229517934,0.875806122209903,1,8.42889657993206,1001.21198060686
1.85428671241761,0.682692390028133,0,1.51029205536786,1000.18393926284
-0.370750093807466,1.77256945932434,1,1.47653148991294,999.0505792221
-0.695253297759188,0.276804425756732,1,-0.117368563743994,1000.92122635795
1.78658527600801,0.449555874425595,1,9.56730035993889,999.421035717621
-0.0948216323678955,1.54753119979911,1,0.607448165432234,999.41057483927
2.04973688437104,0.3731753217903,2,9.45513626865979,1000.14645059006
-0.344144146905869,2.07056014513627,1,1.52029801762898,999.973552061982
1.57610669170048,0.872107064348496,2,9.90573015150681,998.431687385213
-0.513632422409844,1.9716637035973,1,1.44282532362992,1000.22523170307
0.499776333008891,0.554686634292679,0,1.06972334936135,1001.03024367686
-0.527976073960408,0.522779553805496,2,0.455766379025475,1000.76933886316
0.319551935428762,0.637244586372222,0,13.222823285501,1000.4260641393
-0.414013769674584,1.30985857721745,0,10.0474424534451,999.051357545878
0.1616323178302,0.0622269875234225,0,1.44808430900393,1000.01042323643
-0.325695673023823,1.60827623277286,1,12.2851605094064,1000.38561414113
-0.497807874687817,0.472965262388965,2,1.5910687411246,1002.5085107173
1.19328935089118,1.89984015317461,0,1.35248298640903,998.60211080604
-0.305790992666803,0.509401716793804,3,1.31000044421873,999.827397245554
-0.927158470783953,0.326663699350446,2,7.42517792032512,997.637024372082
0.592747232496672,0.986472019436327,1,0.816126771184139,998.586543646572
0.543207529180061,0.456276425729214,1,8.59490401863464,1000.0151271415
0.646715895717163,1.02139223878786,2,9.05787553807045,998.670420660864
0.524240654077221,0.886599022528503,0,2.62848420232382,998.969753433482
-0.73124449698382,1.62146179418627,1,10.498580566633,999.498035141896
-1.1962121203326,1.02373548728006,0,11.2537884747343,1000.78770509127
0.206188291587411,0.834249817561501,2,0.395372194712318,1000.28100406892
-0.87536598773384,1.41605120518968,0,9.03012494368257,1001.46176852814
0.796978547736452,0.489151681245735,1,8.92992558592285,998.586996368193
-1.22769297827931,0.971125076380014,5,0.631652643740631,1000.56974200638
-0.822944546845771,0.724378093910631,0,2.31947426683913,1000.77405525007
-0.189770015588594,0.291618815862257,1,13.0407504731074,1000.54059421633
1.75224770524836,1.55646994047955,0,8.88718897812933,999.735685095164
0.959854661019474,0.210605750302693,2,2.71032042146815,1000.59456633645
0.102061197686409,1.01542648975772,0,10.5296888685618,999.655914234058
-0.937519366580404,0.643701132804656,1,8.3955918903001,999.280247859226
0.352339667549195,0.0972136915425054,0,2.09377108051798,999.467968823954
-0.882201583871625,0.651226640391707,1,8.4490313907402,999.909377765075
-0.186671402588827,0.866829196584004,1,9.25023505531934,999.792108938125
0.778964801527743,0.421013557930667,0,8.7954266249491,999.926758999956
0.0152432503225321,0.844284977517801,1,6.9687864573608,1001.26808793141
-0.245304319235143,0.776535487988383,2,-0.956974878569029,999.241418802053
0.267434502443606,1.16814294027206,0,12.2128839574619,998.451107827364
0.46173750447356,0.641287431163811,1,1.57057843851762,998.379002513061
0.446174975483129,0.651026085034212,0,-0.313445180165563,998.874096781787
-1.08312120269253,0.892012236163465,1,1.4865382693341,999.956254409514
1.13656418261192,1.15326533535429,1,0.424636500795409,1000.88744547944
1.78880466734761,1.64769546394656,2,11.7331779338847,999.661571796797
-0.536685068371805,1.03717992243917,1,-0.15338018318806,1000.47176301132
-0.197449176807605,0.738498221675263,1,0.609884190959139,1001.23876189158
1.15432645549294,0.477522781893358,2,2.01896188962327,999.181949104307
0.902334061564111,1.05582659775286,3,10.3400469414614,1000.58550965325
-1.8471107438745,0.797457113519514,0,1.5604612311249,1001.3060430153
-1.21595224241921,0.443292595416969,1,1.37096167757746,999.949000879788
1.20882378068102,0.483764943863045,1,12.2967165157376,999.039493933848
-1.39338111344685,0.819621983283807,0,1.51432491338672,1000.08125781319
-0.36757647210231,1.03601982656261,1,0.960791177552911,999.966015562723
1.71281255148109,0.682885078111979,2,10.0460633553048,999.760983288437
-0.339256567552727,0.976186911192635,0,8.71496510893021,999.548015797991
0.856445125348905,1.63343332320878,1,0.897379193519248,1000.43569474279
0.757619176421478,1.03409042282364,0,8.4495338723328,998.974596097616
-0.528793152327168,1.16590275879347,1,7.3608052996807,1000.78298306183
-2.2130231028733,0.688606077008956,2,0.295457771730701,1000.08507900462
0.233601828927298,1.74341427984416,0,3.31082638984448,999.604213662605
0.514534592853399,1.06136831665251,1,7.5163483077013,1001.00661533441
1.38519671070971,0.487244023480857,1,-0.354490476968067,997.935568065439
-1.08855856049734,0.780829876241946,0,2.36046444023503,1000.3022127536
-0.799300557307918,0.421128653569321,3,0.919827712801083,999.155133545824
0.298800271430047,0.481624506638441,2,0.601811846354311,1001.54563289634
0.195186014774093,0.605693866755208,2,-0.588087248593754,1001.32541995384
-0.70491232342498,1.34443842421151,1,1.43011392596882,999.605910662773
0.137767812415413,0.585655783811283,2,0.896962015978154,1001.09999767632
0.201423288876824,0.709753366269771,2,9.67646002874868,996.913693934755
0.154627313924124,1.18154592312298,1,-0.00471254798131304,1001.70224742875
1.01819204840202,0.677199879911341,0,10.4769705800077,1001.14381704583
-0.941482166138759,1.05893926323496,1,7.20506979425543,1000.86870141688
-0.441495529431418,0.639457733146622,3,0.188625757943509,1000.46539180566
0.908811126391029,0.801981219119759,1,11.083460565532,999.78218454218
-0.220325704946049,1.98606929328838,0,1.21474214299299,1001.20565674991
1.00111030049552,0.652788917117523,0,12.1004772567429,998.713451486592
-0.419362339948953,0.925538223207566,2,-0.936388282447342,1000.63457076209
0.581989599997593,0.449625684653054,0,11.6802279101693,1000.66390975558
-0.461175227728393,0.391955300870217,0,1.15543146905359,998.832801157081
-1.25341794038363,1.01905528672298,0,13.5868651239758,1000.82796748241
2.90182223292487,1.26012437966605,0,0.809860318687249,1000.55871408259
0.164943247815463,0.62263571835687,2,13.7374692342488,998.985823948163
-1.17253598118901,1.58591461180892,3,2.05146911047357,1000.00812615257
2.41481290744763,0.891816053122379,0,0.341949970144777,1000.48847814313
-0.556007278968266,0.717910536297736,0,0.759366549582943,998.611840898964
-0.562092676370452,1.22615216619884,0,1.35375869560425,1000.05409728524
-0.0132696936198608,1.41600392639945,0,5.08039449879488,1000.11470111734
-0.205539610427444,0.5078517876042,0,0.738815737362777,998.916913332291
1.2863551152223,0.399180575987927,2,2.26339099035198,999.624847419926
-0.00587675560743938,0.401668927645974,0,9.23116034408575,999.925624283806
-0.56347410154657,1.6887626187319,2,2.12034432093498,1001.34889918163
0.330382802043683,0.189814322176153,0,6.6177226745508,1002.12254716086
-0.0525449106643497,1.33163026037373,0,-0.314260768546367,1000.32497696809
0.265904967059866,1.59026841620662,0,9.85874706589519,999.800547161721
-1.29364770617243,1.76812522098011,1,2.13273161756288,999.548680031701
2.53390099435629,1.37610665452275,0,7.77554085213749,998.366906433626
0.88967535628219,0.882007659474283,0,1.71088395856635,999.823882828998
-0.000318699147077387,0.747260425223882,2,8.38269854613792,999.005332557748
0.412466566323713,0.461754684024842,0,2.08433806986358,998.834774392652
-0.89571380931915,0.460214553341226,1,10.2000547881177,1001.55010639601
-0.861799555142653,0.838882821633061,1,-1.45453494480909,1000.82448261969
-0.496518831666022,0.368494232400622,0,-0.204973023851617,999.397729635147
0.524614787644253,1.17184110724296,1,-0.510289208404088,1000.27615072798
0.19778083144806,1.13949352184648,1,0.773314207789273,1001.13621189596
-0.243661746125555,0.454327866635813,2,10.5004834285312,1001.31487033739
0.329386076436245,1.35561816240338,0,10.73279438565,999.712752293292
-1.15986370008587,0.60405658983813,2,8.14604740526447,1000.9136721468
-0.17876214950883,0.283721813334223,1,7.12443537295271,999.370291549147
-1.00756063543285,1.36241005880146,1,6.24790491574896,1000.08259087148
0.338279799546743,0.839995943990193,3,12.4169359474246,1002.41539983444
0.38010614779071,0.721871736319098,0,11.6327970174856,1000.91656559013
-1.77700059901463,1.30613966434726,1,11.38890701294,1000.36389304636
-1.81937295290065,0.977693120294564,1,10.03295170612,997.971248541335
-0.81347180240919,0.835212458617304,0,2.25805550283485,1001.34116946358
0.873264349921406,0.990291422450908,1,8.12876030123983,999.436893116784
0.688645144850822,2.42091041382425,1,1.38617647764935,999.465549000741
-0.396772649536139,0.783361608763533,0,0.300260162094088,999.09559706363
-1.7023664933701,1.86960361798563,1,2.20917130112717,998.337848393234
0.366754854264968,0.62209430723944,1,0.0672458080852762,1000.66296567384
0.433925913344437,0.945400616451999,0,2.02313032457425,1001.81306884991
-0.35355763840705,0.339932867492592,3,12.034746304795,998.893273240539
0.632539182863463,0.448622080263415,0,0.980912610900475,999.246558881854
-0.662771721697078,0.376624748380968,0,-0.606972784352126,1000.98538891912
0.363496303995901,0.137439108313064,0,9.18576051457618,1000.01192862634
-2.63587973430542,1.07108311030637,0,1.54295310904189,1001.05655835748
-1.18307429409843,0.371829647539605,1,12.3466353199957,998.883227144705
-0.749874558410225,1.70517516991765,1,2.28045128985934,1000.33132486346
-1.28271766926217,1.423011573312,4,-0.278424974150568,1001.18064050376
-0.26862044159458,0.300943890124496,0,3.14378987649849,1000.97267454382
0.746485560314266,1.44700516776984,0,1.98666983899196,999.798184199016
-1.47535684757233,1.07640134799748,1,5.80794063793608,999.533873761371
-0.578900495275292,0.546356653386426,2,-1.21155908400605,999.565333782337
0.84773924769624,1.14229082394502,0,-0.492169995516424,1001.84821677737
-1.25832144486236,0.942487174243293,0,-0.676911219681361,1001.03704816451
-0.0125899084035474,0.454773452770038,2,12.6502713248765,1001.11357085758
0.726990476464715,1.43836924973429,3,1.3394766654849,999.944027229435
1.4377435507535,1.57242043617902,1,0.552652519782398,1001.25256000126
-0.0696041356717014,1.02908993480229,1,7.82581764585864,1000.34608205764
-0.555457717607281,1.06165326637896,0,13.0442718749092,1000.44985694844
-0.889902240861842,2.30219086483859,0,1.21769945448416,998.677584674171
-0.479105149030595,1.31860346955292,0,9.4550770387787,1000.93945279536
-1.32768146258791,1.16238915645543,1,0.898823313311883,999.35362139131
0.516855816265151,0.601426251737007,2,11.0885597669015,1001.37331593072
1.41481118878199,1.05576835397616,1,1.8903843739393,1000.00875289714
0.42371147120255,0.300630017567539,2,2.06990620127598,997.801708235503
-0.120182562786904,0.121174824149964,2,6.43263636020606,999.299806521219
0.0576602652026664,0.624195273917096,0,8.61657620858315,998.920873589081
0.632181329335489,0.839745720137587,1,9.60907533551623,1000.58308365212
-0.154346964333072,0.557398538929893,1,12.5134284379556,998.546860589874
-0.204458323554882,1.09646965888676,1,1.25434358448305,999.710966462929
1.03687733017659,1.37228578914051,2,-1.36025476035827,1001.18215525891
1.37644399692042,1.42966059803589,2,-0.396736594837685,999.899820864428
1.24246752771631,1.29987497366527,3,1.13480045687168,998.618598354924
-0.652035068140837,0.460251303850658,0,1.86778924873832,1000.29292411324
-0.603381261732483,0.86779009410228,0,8.33557998451915,997.924370100216
0.815559129564994,0.563219434810761,2,6.89027926728307,999.596476002717
1.51857856216494,1.29359408447214,1,1.06102158931999,1000.47319801298
0.981050952438028,0.90949231365972,0,9.90416222204836,999.439229173039
-2.30633439935249,1.00338265394124,0,11.5176076854861,998.511386750708
-0.665692873952232,1.34614990855003,0,2.00305860452897,998.382048666371
-0.0258784934134889,0.312261528884071,0,1.97309552302694,997.544839023236
0.577891437124042,1.37040720359473,3,9.62639567039557,1000.17971544529
-0.0910079223803305,0.625726353501272,1,1.3598532678953,999.392565048786
0.586944498120483,0.339833999215603,1,9.09598702306019,999.653878566644
-1.07937525592601,1.16029816072179,1,10.6507194299793,1000.39511266445
-1.22458939019654,1.57546110218704,2,0.653088816427133,998.845486287503
-1.49900519004844,0.866182836228623,0,1.51396569215219,998.346242042211
0.370901772620354,0.759743103891364,1,3.64074023530326,1000.9563494412
0.560775660579169,1.39811419986541,0,1.08440571657751,999.901694370284
-2.84723614597792,1.48160113808385,2,7.34471068216512,1000.2243113745
1.10301840375871,1.24161817497412,0,9.68054480123741,999.95760306427
0.403003000075565,1.58986230538522,0,1.89978800600435,1000.83042174187
0.0124529310912976,0.815850255782068,1,3.15375795742405,999.438655846478
0.0437627701030541,0.724501627517224,0,11.8186728111016,1000.18935390749
1.04550878843318,1.23961763523154,1,10.3957781738428,1000.28494799199
-1.56127978627927,1.59015062856926,4,1.51546402822573,1000.21454892433
0.121992780317795,1.17947038149188,1,-0.125357867602004,1000.3010699345
0.131765865544263,1.27766742163155,1,8.3319536356984,1000.84427714428
0.606817397289619,0.688405799762501,0,12.4705283377203,999.169189243965
1.29387858752278,2.46288978230087,2,7.87156769973227,999.512836747757
-1.46006847011505,1.27868985928159,1,6.01870785801299,1001.31081227481
-0.53139585365242,0.734944589051482,1,9.66957829251843,998.959410028467
-1.12808341162697,0.542507215514743,0,12.202201613992,998.677771963579
0.587553657526424,0.352682285633331,0,1.53940892564526,1000.28379635421
0.820733740760418,0.332649912258126,0,8.83790329558387,999.418068261032
0.371942708617527,0.616053847444737,3,8.761011181243,1000.42755994022
1.05753786380922,0.667493411801185,0,0.28250169868712,1000.31628954998
0.234823016337261,0.30410296123193,3,1.05844620249757,998.968338709858
0.965357873882425,0.718445384640189,0,9.79393456907884,1000.23143491541
-2.15270568817223,1.06534816846229,1,5.77994904621467,1000.00163901995
1.93418554539502,0.687599366163738,0,9.1652210057674,1001.21758780906
-1.05558763055237,0.38969717933845,1,2.27690281749321,1001.01031922096
-0.183073782444534,0.966137904590841,2,6.3631199028103,999.158488317885
-0.589797829259148,0.778075833320304,2,11.1640193024512,999.222393036832
-1.7372990644429,0.749010064701599,1,10.0167481826839,998.209909067128
0.141702963735705,0.318843441603302,0,11.4468260782902,997.696906594022
-1.2544397731908,1.04977560815935,1,0.375544258097716,1001.01464207457
2.02390070499001,0.916597012048027,3,10.6284276395367,998.291827885009
0.188847759975072,1.58221295375537,0,9.06855218103894,999.054524345265
-0.43153659977575,0.985724450407067,3,11.9473603904143,999.888055355724
-0.599154075758277,2.2555029859911,2,10.9376672332201,1001.49264788404
-0.297168799025017,0.247140207788301,0,2.10865618102525,1002.2290760164
-0.354061844429589,0.735184458611036,0,11.4865974667263,998.360586850114
1.77614947635517,0.38507409109437,2,12.2388315737573,998.038086154443
0.62833708089614,0.677202520644166,2,7.72445220039155,1000.78293656541
-0.759642387845536,0.717896551498296,1,9.86104701008867,998.555217629122
-0.749377441644608,1.10545215548137,0,13.0610388359415,999.47003755642
-1.53344300365103,0.489401132486828,1,0.947747271278389,1000.71373289724
0.423611760413619,1.06183987258088,1,1.93128366294276,999.322880599758
-0.668942758818099,1.85804447447062,2,1.73799488838606,999.967194366908
-0.613425456878619,1.3872841821272,0,7.54330652954708,1000.3188668404
-0.401823837195416,0.545373863963204,0,10.3698414344939,1000.869827932
0.665375329984828,0.65411113694069,0,0.930323145177485,1001.19742678291
0.11126534605213,0.359148466184299,0,9.22826991847005,1002.26130559557
-1.41983161944503,0.995518455528901,0,2.02521820059632,1000.75944589606
1.21560460216683,0.834614766453941,2,12.3645351542603,998.671418915965
-2.23566732883609,0.79757586099484,1,7.82000105283919,999.711619306274
0.930828173631127,0.771431040267443,2,11.3490850926433,1000.12459975807
-0.0193001740177796,0.936681018409665,0,0.877747708387222,1000.08116758391
0.602726189021565,0.921155960929763,1,11.841796259775,1000.67410848534
-1.0963615528073,0.450803809698676,2,1.15823405033049,1000.80475862302
-1.548765999668,0.338426723167651,1,-0.77636808644547,1001.0591929774
2.47317065550358,1.16985267978906,0,7.75553636850333,999.764286938511
-0.587614550479645,0.356772693097497,3,-0.13737307314162,999.683435674804
-1.05637066459077,0.795607607912612,2,1.98311123120064,1000.55445432439
0.734842460708609,0.77813208233408,2,2.37561713150057,999.579214049759
0.899042527450053,0.983531420588493,1,0.112310741266658,1000.06539418323
1.11531191299315,1.32655702884841,0,-0.360003476363423,999.418125727831
0.165057800806091,1.54693655600821,0,0.431940376830719,1000.6352714918
-1.8599052834486,1.02866855732106,2,7.47277233519672,1000.32036989513
0.482476465852217,0.591305814481287,3,-0.045725797639032,1000.97789772968
-0.870508363979724,0.313382485257633,0,10.9265433093633,1001.01334792559
0.428427276318831,0.83774619847065,0,11.0318414611683,1000.8958388619
-2.80790881215224,1.46992007722215,2,12.0563158207268,1001.28201307176
-0.00667217165808177,1.28205894077394,2,10.0435467073045,1000.22662491801
1.56429213854676,0.791874479646731,0,10.6747398882532,999.267932835945
-1.26873085323487,1.16259934249656,0,11.5853614475509,998.905096468618
0.0824971184222907,0.356439073992506,0,0.839695472952648,999.823947933961
-0.218970114493203,1.02944336603032,0,6.11397766483326,998.731898822659
-1.70278966670372,1.16157247690404,1,0.181809419472221,999.904593158052
0.489609020813056,1.12751837317724,0,8.72190718883813,999.650402463445
0.159291452833722,0.706473061275949,2,10.1655647423597,1001.18620075938
0.423462595737591,1.01791355185342,2,1.80438496154462,999.757108164097
1.79825319142203,1.62972462081246,2,1.3572496137329,999.183265666045
-2.98107241339629,1.77430279959292,0,0.867584564823342,1000.62189587859
0.263495272982386,0.264136097196042,1,-1.22610654387096,999.381152408996
1.91027400082229,0.712196768567466,0,2.44236505902663,1001.41939892163
-1.3273949512091,1.4239461294796,2,0.803170263804028,999.714739191819
0.879737140389876,1.23756362439516,3,1.46370920023192,999.567759809476
0.0456307573052328,0.769430164544916,2,0.403381399619314,999.093989118211
0.406405748969236,1.0955226608839,1,13.2568837512863,998.740454956574
1.80190357253589,0.31819590733785,4,11.2778695236286,999.986649729487
-1.85647461448451,0.797080550948406,0,-0.520609198042174,996.938938293305
-0.99689788024959,0.409412227911959,0,0.833785259820777,1000.36809629442
0.222907197899187,0.4113888843978,1,12.5279427484637,1000.19556133043
-0.0245910561635851,0.788254602924196,0,11.5430139472593,999.868431103701
-0.810387092330528,1.08552600240094,2,9.16302592556229,1000.58541230015
-0.791416210610829,1.36086757080919,0,-0.65782699276662,1000.81418761982
0.531762190056645,0.792102896706975,1,1.04672484184936,998.903556107513
0.51740839037732,0.378157099228584,0,0.432408875120403,1000.49559212076
-0.600706900697334,0.763441577166979,2,10.9538395950059,997.856332574396
-0.35532994109214,1.18115988974965,0,11.1522391118213,999.937544456957
0.0574181505599841,1.00487464359551,0,1.9485904482931,1000.24363582422
-0.812365874817522,0.979700909905415,0,5.65816996190511,998.989021534386
1.18143435247263,0.95962129427941,3,12.365881126225,1001.99196898497
1.25695458947098,1.74825533746888,1,9.74979424142527,999.98268858816
0.365040104196545,0.996965704589072,2,13.276791621212,1000.8444064331
-1.02846370625934,1.50092032694042,1,5.95040332423019,999.620684804684
-0.209005037790534,0.514115215104766,1,-0.140418928051669,1001.44280208328
0.746809251859895,0.524157265347293,2,12.002563668944,999.428599858695
-1.68663066016694,0.455327188186836,1,0.474977761506367,998.66311763914
0.120327493811216,0.0342499076807856,1,0.622814877389994,999.244335301706
-0.0598946258513304,0.62459908920508,1,13.5861458558575,999.173091886441
0.543763020051569,0.888475563077323,1,2.16896395773198,1000.20656319607
-0.983340569985607,0.53241925527356,2,7.30724289120792,1000.24762225579
0.0902385471127428,0.901887043916515,0,-0.601264423777039,999.258484843091
-0.244756312538361,0.586969225645419,4,11.446657703779,1000.29047332888
1.80368811991946,0.98360575380925,1,7.07385947554,999.196688116277
-1.97965615290221,0.757076615839463,1,5.7507651336268,1000.40561582014
0.590443718327527,1.53697530498319,2,10.7772381345832,1000.8339187136
-0.647039044080946,0.531605400225461,0,11.1315949873884,999.655500633843
0.964977835091001,0.942796552154532,3,-0.746352646041418,1000.74043681483
-1.75930082412575,0.945483524420262,2,0.30956339240992,999.363698648292
0.444814784148092,0.403008988537518,3,2.29503626726965,997.595243645821
0.251426521350331,0.726498501836079,1,10.337541826634,999.298529081328
-1.71689249826959,0.41368497311259,1,10.9077044257876,1000.14084330246
-1.46045567699695,0.847549481480972,1,8.72149517600113,998.999756617641
-2.26135789777725,0.290293926840376,0,2.33272087099432,999.867950368985
0.517116211515457,0.564410608146314,3,12.1560581159157,998.407232663738
1.94715879596644,0.53138846173218,2,12.078006444538,1000.8247725198
-0.29182773618868,0.862506945387695,0,10.8406205111209,999.11564960573
-0.217321406743283,0.476223389640293,0,1.48552137769352,1000.89624973232
-0.535572549455846,0.287145262469964,2,9.32206056226751,1002.1543939367
0.392505747528317,2.68486442301833,2,0.37880173851655,999.449991704754
0.857425969737102,1.01929043007007,1,0.557242144913314,1000.1045669284
-0.189885635289609,0.599545241743962,2,10.7463925228586,1000.10691777153
0.182897801115501,0.823650194826529,1,5.72323008001643,999.663993688397
-1.52220043429158,0.209479273362521,2,0.267588179075666,999.218102064029
0.863833920886475,0.341240608897145,1,9.39368738427313,1000.68968297937
-0.132181950436797,0.603623855722045,0,0.932599566448342,998.555427731584
0.337653793032616,0.200072889619153,2,6.8212122666228,1000.35779670458
-0.130416982053277,0.843950580592823,0,1.86593226094581,999.45818380137
1.92170722433353,1.1046541056168,1,9.93271167766961,1000.14419065373
-0.433239410664235,0.800795646343247,0,7.00846550824625,1000.19846938312
0.228628509946908,1.08251209990362,2,5.32353747584265,1001.14364068051
1.34217807249246,0.863065863119415,0,-0.228343691625079,999.503658294007
0.358200094192167,0.206705020023662,1,10.4901140000119,999.602801157106
-2.30423908506213,0.526645616401664,1,9.33807937875049,1001.79022946273
0.433474233021533,0.303074255901486,1,12.3235917639723,1001.21437847701
0.0494536692872723,1.18063393955482,1,6.73058568349643,1000.08021249599
0.854267639643871,0.744645929709149,2,7.23312589012464,999.292567738578
-1.68267615857563,0.166611288891866,1,0.479614837270259,999.487198250913
0.478667552599868,0.492329774112117,0,2.60442134495663,999.770267758699
1.67134297785789,2.33899133898711,0,1.28650928143241,1000.83659692623
0.676179362105438,0.836314168922002,0,-0.0305868584233346,1000.6947638692
0.209866685192987,1.27823505439866,1,4.26585865680205,1000.83546971907
1.40999535314324,0.888233046296772,2,1.21477592260977,998.830200926382
-1.14619764917311,1.64860746096418,1,12.5216794930215,1000.75100280519
-0.14136466790917,1.10515001823177,3,1.24957209201596,999.482355518889
0.0957088033939671,0.878975277090813,0,13.9734112580671,1000.814890163
-1.40273200839133,0.737008264026827,0,10.7666615587978,1002.48208575611
-1.09623340486319,1.07117026873147,1,7.12666774441323,1001.12593089969
-0.376151900356792,1.38633714925963,3,9.0914891129297,1000.35467229183
-1.55309824753525,1.08418314323766,2,2.09889938801164,999.901389343794
-1.73027382345724,1.31871177614849,2,9.70993399577038,1002.08575547045
-0.465498885779998,0.710871157943957,1,2.68334414830599,998.620198916296
-0.38142465453732,1.22104781934584,1,9.36844295989378,1000.29398298205
-1.14825585777383,1.29373761326273,2,13.1152028597386,997.897953058622
0.317336343207445,1.25605958787153,1,8.33156145989742,1000.07099800345
-1.30159030434445,1.27689171549692,1,1.81466033317377,999.740240470045
0.921111444720481,0.172870276194272,4,0.629650284223024,1001.181237312
-0.38065502887792,0.979991933720162,0,8.73719695500418,999.29381433781
-0.566739337818785,1.24037892392883,3,1.15241761063133,998.956930126896
0.714235041831411,1.45861190829663,3,-0.307595454815747,999.148559641034
0.712116368964364,1.43749237483593,4,2.64990741732824,999.31590048509
0.587570995639337,1.81868159073184,1,8.83682517149166,998.071976794995
1.54332325877413,1.02551090312127,1,10.7893834798069,999.54324744871
0.0520276677970839,0.692035812734265,0,9.17716134017694,1000.21411207164
-1.07834403100095,0.417536295387524,0,10.1556422029196,1001.63841346872
0.443677878423685,0.265062369781166,0,10.0982905858662,1001.65136515797
-1.25686407828661,0.726945300269087,0,1.46449290116477,1000.10497985684
1.79506958492297,1.42597682458906,0,9.46396529408608,998.398983978687
-0.936634246557272,0.782143477933387,1,9.05443177145339,999.40431109402
-0.345375252390984,0.82823449553936,1,0.781420946856159,1000.61148972234
0.640015086798987,0.540156653375707,0,1.98169148389276,999.525914548802
1.01814998320308,0.399974249658819,2,0.421429218465449,999.733555101378
-0.295756359694042,1.87826271776344,4,0.733965671052785,999.993743096936
0.0540155183977131,1.11171105035713,1,2.11471205779478,998.926199700845
-0.362194817854601,0.810903989911682,2,7.79794277600866,1000.11180366508
-0.982156730516347,0.84489074859517,1,9.00964448866574,998.634877757431
0.19135615982847,1.24483540714235,1,0.119606578432985,1000.06426440577
-0.649859253966225,0.815828192660676,1,3.25711783948419,1000.67610393415
0.0333498341358138,1.41846547603048,0,11.2067552494082,999.793745799232
-0.308580032113818,0.282167271812837,0,5.3899498317224,998.601574543908
-0.380498434660298,0.308295558846404,0,10.9717874674498,999.011193335187
0.833074920248148,0.691769382782874,2,10.7113205972055,999.663062233678
0.134607824114041,1.05497345441556,1,2.4212841792163,998.221624441537
-0.936401288202847,1.83068576138035,1,-0.157456836172951,1000.51103081262
-2.46274592559855,1.04942538836126,1,13.9716897920009,1000.43173790921
0.6418734312429,0.634810521916469,0,8.32701558797974,1000.75909822198
-0.317672001457308,1.28693658663493,0,2.06852669368214,999.676195370303
0.277537689354413,0.393654257118015,0,9.72621499130292,1000.36269713366
0.447734478615756,0.337536374526869,0,7.72197517302452,999.790363845532
0.199616026452575,1.49766542963792,1,8.80523930814674,999.03000575607
-1.46007419778693,1.60300104461353,0,7.51304814605681,1001.49002636576
0.55576944221817,1.25767909894558,2,-0.0720159059958938,1000.45445359714
1.49341417619935,0.3433808291585,0,11.5647942053634,1000.69903994544
1.15443559320527,0.838375838071499,0,1.19900570242214,1000.51068310303
1.42010169086671,0.790117835069082,0,2.19963035417229,999.425686410966
1.79140906582432,1.6322183845236,0,0.70707811146574,998.015771672146
-1.01095241770184,1.06089649351688,4,0.806274298947911,998.611405489668
0.337935911684511,0.735036548457379,1,11.8925687151163,1001.89601412755
-0.503997852861401,0.955310566402463,1,-1.30469300102945,1001.62256053866
-0.13287889466617,1.15977871219258,1,0.624407338478712,999.011859166672
-0.224331459835708,1.59751095940107,0,13.4319781717565,1000.79287173664
-0.692996225914172,0.701941443992065,2,1.06038701289285,999.607567693495
-0.743813444807773,1.36879925998117,1,1.43645081601381,998.957920872979
0.306090216211692,1.61525266113359,0,2.06280555391819,1000.60628514371
-1.70989463854926,0.570308719875376,1,1.65187857568294,1000.89445380213
-1.57728567396078,0.50773721249067,1,10.7470729938301,1000.88501784594
-1.26807458305193,1.09701572379782,1,11.9102004565679,999.272659612448
1.71547874432294,0.768170345282965,2,3.53158946762882,999.75305866335
-0.657858039960237,0.905451713491314,0,9.4607138714727,1000.26719683598
0.58038980590377,0.468018645308929,2,10.6237932790187,1000.83312036131
-0.746690842500786,0.539290654535112,1,6.09657305894158,1000.64309768808
1.18427327848714,2.10308052966404,2,1.67838326797449,1000.850671973
-0.925828626972543,0.890436835544873,1,-0.872184497210708,999.392480716395
0.283283132778518,0.927498150780622,1,8.49748031987276,999.662783284988
0.56673542309877,0.897817864597526,2,1.40119939140735,1001.50746328156
1.0783164613866,1.19665622455443,0,8.88977638458879,999.888793439554
0.415392824872829,0.515229507259925,0,8.18855908892255,999.280447149056
-1.97988516838593,1.38269344818367,1,10.2496294422131,1000.50138689162
1.47966166752698,0.475107018207018,2,2.47193579147706,999.672574207854
0.692576819768572,0.191461061145,1,10.1254957741151,1001.44225943664
-1.66065367507785,0.736690446149902,1,7.94323302713317,1000.29509943197
0.219852944394145,1.02568681494633,0,-0.402049179015799,999.470742538813
0.826754235778182,0.365094286897587,1,0.402269822706974,1000.36156585332
1.62865127075623,1.62327100910875,1,2.94288350735408,1001.95794580989
-1.67716804110159,1.35846978203039,1,9.61228858261288,1001.94134380059
2.32493427747532,1.56999977733646,0,1.73200700558317,1000.96792079597
-0.6619924357873,0.409304839352393,2,-0.630806446638468,1000.5582981017
0.655996563395372,1.17291829156171,0,1.23584167491448,999.718694186171
-0.81679139620427,0.548037500671468,0,3.12807341040768,1000.56349358175
1.77507403258483,1.17851582284734,3,0.273368988848763,999.221260843266
-0.0459668077551316,0.319588458223192,1,11.8718014216047,998.979609160695
0.698431883384686,0.391590978765774,2,0.767798173327274,1000.57021847942
-0.139126670901296,0.813983469517607,1,8.00447036614148,1000.65098280625
-0.671094267364492,0.643917436544022,2,1.32493294942799,999.944125826126
0.0835687908608179,1.70853611012709,0,7.90830301002374,998.44609180067
1.84964738216308,0.272239269867872,0,15.1105990157243,1000.12715152825
2.01728898656395,0.833884188839121,1,12.7908063349895,1001.08007632022
-0.231264017448628,0.762618850593353,3,0.773187054194517,1000.40989652734
0.0208820468212382,1.34206686212408,0,-0.697961133001423,999.820158302942
0.0894383747623714,0.643846013879555,1,9.42455305821981,996.681414494538
1.51376825993841,0.198473819943808,0,10.7140193768597,999.951030274521
0.0737722117641168,0.898250004737022,0,0.0967469991458626,999.308846926873
-0.212740358248822,0.906602269844166,0,-0.545337502824479,999.725322934935
0.948712350139585,0.865494732471302,2,12.7111576509335,1000.07016915469
0.332386835739553,0.403072024102467,1,10.7431853280665,999.211537931901
1.61185881959371,0.522358625723767,1,1.19795613139297,998.791997699083
0.48641269081011,0.131403220987456,1,9.15167425970785,998.578578929287
1.38524173212309,0.177211567323254,3,0.599872685538162,998.486017338132
0.385605461773537,0.41347327402267,3,1.22789465613806,1001.68253375799
1.78853457695831,1.66647833674643,2,1.1493756929843,999.713700956152
-0.994231232581133,1.35178742576595,0,9.54958068426107,999.408482702187
-1.13542481543268,1.18299546983635,2,-0.252823287811833,999.622829729393
0.276008121484184,0.570824066298233,0,6.84452228107892,999.023282979388
-0.530155726587221,0.396381514167888,0,10.35952871036,1000.09429320923
0.0155189843078259,1.22494482326059,0,0.167500334973902,999.722771630999
0.239382662361853,0.733208794106283,1,1.84627099013005,999.096126434169
0.14460338831134,1.83283622007502,0,0.598110051334823,999.642076458381
0.129889770953927,0.711033682008978,1,8.42824868071908,999.390503992783
0.0294123304951404,0.338132000460567,3,1.41384357386823,999.92165580073
0.0212493317294157,0.620865167605241,0,9.52178451921562,998.567883077203
0.24828633295387,0.280426262759379,0,9.18328133347093,999.195001688513
0.64607836365645,1.47682402889986,0,7.39389031135656,1001.11127460526
0.758280872241605,0.760636433120436,1,-0.559867818670736,1000.54935091039
-1.53363000500533,0.0754263123068515,3,9.47681094341567,999.666664540078
1.56256924149641,0.649473508485275,0,10.8657772629177,998.405374095667
-1.06159831017118,0.661237583254344,1,11.391541644327,998.153495135841
-1.96441608731468,1.2485641058274,0,0.626417770508956,1000.99958700923
-0.346191982024123,1.41827225564236,0,-0.17654551075016,998.995217192679
1.52425442408106,1.99674375124121,3,7.69117650206837,1000.15230803996
-1.54521877140965,2.12877938667475,0,12.6226352277087,1000.43910744428
0.0185942965325466,1.58138481415554,0,0.474921531909552,1000.34599703617
-0.79010135166965,0.24118953897112,2,10.7934944171639,999.189440181747
1.58664341707759,1.15325185829428,1,2.18738544158989,999.180415186719
1.039386977232,0.358162034839209,1,-0.213809265940003,999.97528276489
0.629001954853382,0.57974025050636,1,7.19585403637309,1002.56570198344
-0.540333104913148,0.65035017571118,0,11.9037735980194,999.821262110662
1.88530172222833,1.18044527532506,0,0.42161895507837,997.804915668927
0.639134068612074,1.03326807682667,0,-0.451682876703365,1000.5943940041
-1.06129545312096,0.210704956945099,1,1.2789025446495,999.06256379708
-1.55720340338636,1.05814014329098,0,-0.935103931893242,999.602935133568
-0.290834544457918,1.04448479836384,1,1.75095086567962,999.804864237965
-0.242777047222098,0.898016181662081,0,8.86190349975297,997.911542939718
1.04447455337365,0.574300845974542,2,0.403619491192123,999.822009520598
-0.870602166781098,0.751564709070019,1,1.64891147781827,999.668384936621
-0.327337421941132,0.362888556885694,0,-0.858439924671274,999.236762417633
0.787640991596403,0.325772442038913,1,0.714268850849526,999.365598672043
-2.20307747763625,1.01829606987677,3,11.1185881765723,1000.52700125445
0.0139684774952852,0.414763884965243,1,0.218337824075082,999.557857059379
0.387916687045151,1.19497655804758,0,-0.521210974425709,1000.6398109333
-0.494781690248478,0.609854907373923,1,9.5952680770389,999.628663124585
-0.711349417067987,1.40893487545398,0,13.0187965742288,1001.13102090461
0.439353144622392,0.23759967252592,1,7.99386650192884,999.072268513837
1.19261458705835,1.94902683736964,1,0.617617299163089,999.031295900415
-0.166924059526843,0.195766187875495,1,0.706837537958016,1000.60467323208
-0.424820882266404,0.501568829968232,0,9.55853879405066,998.376342744595
1.45820621786579,0.994286621839692,1,10.8834589863696,999.173486745077
-0.784769234207284,0.554620852796161,0,1.24043380121628,1000.31732313416
-1.45237414495581,0.907610736426044,2,1.0437347591385,1001.64218084812
-0.13969601680001,0.466090416696894,1,-0.939148354687137,999.861802600744
-0.241144570924208,0.893711160635419,0,9.13541138195315,998.292960113151
-0.536942171527168,1.32815903921318,0,0.581104542684496,998.338185115395
-1.74207917360464,0.631546007959923,1,1.83839989156247,999.440159088515
-0.0514319870117954,0.623225319799386,0,1.50739878709504,999.639869915842
0.163835335438926,1.21677554279232,1,-1.06935072063115,1000.28876536526
0.462193061762525,0.240980572699666,0,0.603282404690264,1001.31190851826
0.55532235909753,1.78623033942768,0,11.3198836631014,1000.67163735875
-1.08855963193186,0.360684640786975,2,8.97198932015748,1000.86147610082
0.1650250646744,0.909842239269682,0,-0.939703526815038,1000.48629908361
-1.55923622523943,0.436021752675647,0,3.33025155093472,1001.09683537141
-0.447711663888692,0.627938339013536,1,10.5091974306106,998.933225675295
-2.14112453313505,1.08624748229924,4,8.77948196177021,999.892187005778
0.488928941369455,0.432389699727205,6,0.465297304238353,998.562881972982
-2.28807328488184,0.556855675943509,1,1.39818201036965,998.204198198819
0.488242284169144,1.71738405689422,0,12.2971682152186,999.533897038146
0.149402334097131,1.74880437128719,2,1.39465977169259,1001.11585106917
-1.16129323325244,0.29831947040098,0,1.47360955764516,997.687324428915
1.06961382164495,0.526181910899926,3,11.3573218226,1000.7498395842
-1.42949062271937,0.721208100125755,1,10.8352752407585,1000.10264058627
1.65430077662751,2.05492694738981,1,-1.13596936405316,1001.17026928531
1.09216730211156,1.46800468910128,1,10.1220037220077,1000.28256759398
-2.33638352434565,0.92532238516389,1,10.5894927743661,999.700279215577
0.235535173649768,1.21987885728197,0,2.36431597788007,999.950889451593
2.10485584723694,0.33896951511386,0,7.65255058242034,999.173840663413
-0.291900495268621,1.18018638230617,1,9.40567750026667,1001.35493379918
0.4392753386082,1.08954297270131,0,-0.96435122510846,1000.44706682788
0.0615122416860644,1.29267193296557,1,1.37885738709202,1000.00920112729
0.333560655837556,1.08041771592895,1,9.40460213515395,999.907672908517
2.10956866383966,1.05869187762488,1,8.3450529603294,998.868111664092
-0.360111019643923,1.73391908457555,0,7.7850519375357,999.52912077923
0.158699288959725,0.825878940781063,1,9.91739299569618,1001.18440774028
-0.172133613283473,0.180988071650676,2,7.28384387115138,999.481166799183
-0.0824553395852491,0.521586416271967,0,11.7586477582897,1001.97367554484
-0.168066319734904,0.884700644872395,1,-0.276057370045288,1001.1440249462
-0.945691476559829,0.590406962966158,1,11.580217173385,999.283023064937
-1.34528363054181,1.05389407417884,0,9.57970722868776,1000.43608497225
-0.691720915787035,1.89060261562371,0,4.79745508186302,999.725038735338
0.0746912099199066,1.51725286981417,0,-0.194904284234914,1000.7775968701
-1.82733579740013,0.781954835648696,0,2.22840877076493,1002.88905552216
0.381713851719715,0.914336028968573,0,10.5822784566574,1000.92075597674
-0.560541738424579,1.26364194939977,0,0.230570626144675,1001.9289714989
-0.567820211306055,0.975544529663437,0,12.4700736543753,999.789600605091
-1.21245251256065,0.546912967574036,0,10.6108733956782,999.08212861537
0.686708522202611,1.84946799067936,0,-1.49578200060828,999.245006571983
-0.541127060047398,0.905353218474806,0,0.318203834793877,1000.29638138456
1.91397708205724,1.04676768117376,0,0.941486692040276,998.615618714793
0.163982607738743,0.596633724807722,2,6.54446544041826,999.97794025688
-0.175011252207107,1.20838309327825,0,1.07884016879616,1000.72199775071
0.574750726881649,0.964904224063141,2,7.3528093611791,1000.53692826595
-0.881239716804496,0.954356259115627,1,1.52649274458916,1000.81067218666
-0.911664324647992,1.4157421924128,0,9.47564723312218,998.91439887774
-0.785385789944016,0.388897458199623,1,1.99869782342645,999.090995086386
-0.186121596978296,1.06008897586632,0,0.98661353460084,999.036403232025
0.420040297069402,1.24166822672999,1,9.66843907595831,999.890811406068
-0.43243577682847,0.763207186744881,1,0.505512844188591,1000.08407153051
-1.02361905567448,1.06173355802251,1,3.69409160878204,999.402615020495
1.05330650001491,0.525766806755281,1,9.28943498021617,998.32826699779
1.21207192021874,0.137540970873644,0,10.5853354584269,1000.0535715629
-0.376379232990309,1.13068489007526,0,8.81503220419534,1002.12444995901
-0.909322669612503,0.104941109488702,1,-0.13070455940257,1001.04270159857
0.377262813680512,0.237920911237951,3,1.69588893114291,1001.71143866094
0.213172894465193,0.589108025374653,2,8.02889890461655,1000.51650525355
-1.00494397001751,0.338396080654343,0,10.7874850064956,998.566271839916
2.18333706956912,0.61272218483132,1,1.2198588904701,1000.07098830289
0.575848611879129,1.04901556469222,1,8.35310890873788,998.692513507291
-0.40078045306649,0.429539474337598,3,2.32746563872181,999.946335943009
0.0286804637567643,1.12852591622656,2,1.15597393754506,1001.9709243366
0.12937543036794,0.671173503801567,2,11.8373991052144,1001.24619042843
1.32288723917291,0.816326599708938,1,0.954614621526899,1001.31718479369
0.0370121279561353,1.17839903330122,2,13.6895863628286,999.779177121111
-1.55437335530217,0.661912052930086,3,0.127539666580464,999.554830964308
1.78813320412546,0.962648807961584,1,0.292239805979439,999.262099744033
0.537017071881821,0.400206465042046,0,0.579953340825144,1001.95954685006
-1.60380143178841,0.766453845870143,3,8.31512830972341,1001.64176822764
0.304337927352377,0.330445604206309,0,0.525998489247293,1000.18031821766
-0.1638685359198,0.411036076658894,2,1.44242118329019,1000.55770443237
-0.0107830625636076,0.285104984862201,0,1.8102461081367,999.186392283377
2.4289941319517,0.547776656103417,2,14.3775766862985,1000.83429379612
-0.289978494370576,1.72261933644216,1,10.2840916265696,999.132966715653
1.48833599558286,1.29362098814672,1,-0.460585114119006,1001.07321654506
2.24507796255458,1.59131716863565,2,9.55457505161526,999.921787470778
-1.04401383058218,0.739835993116681,1,5.80576527812117,1000.06013655594
-1.46314608498589,0.492508222052326,1,9.81082868518312,1000.56869686232
0.814331399134458,0.316826962404576,3,-0.325857849637597,999.273287417914
0.292716363736753,0.715891287238177,0,8.69145755255231,1001.88580867105
0.0302238802706743,0.817275813348398,0,8.96411333757482,1002.04602429892
-1.87697752808002,0.997277786506548,1,11.8937706186874,1000.01538618018
-1.13276423057896,0.571760048677334,0,11.3598371286594,999.237754590388
1.11861488698657,1.23115035568535,1,11.7372445650561,1001.67976787551
0.135864191454357,1.82330759823525,1,0.733775771501173,999.237228698895
-0.396378634193271,0.851310952468161,1,9.58347906100409,997.116562422051
-2.04665352257264,1.66184311839319,1,2.83845402846656,1000.3031579598
0.4360408929584,0.407468642373724,3,2.63398655667804,1002.0659006339
-1.83604885028175,0.71678613827195,1,7.3667562387029,999.425906826508
-1.41889547069166,0.399912388342743,0,11.5891759358396,999.469881007381
0.474553079160996,0.596166954734029,1,12.7328300167958,1001.26810673767
-0.786865470222338,1.49061887002301,0,0.987733471987586,998.302354834571
1.32317108589187,0.364143409813765,1,6.47763547814267,1000.7460286584
2.64466549512464,0.976690955903013,3,11.6529785008598,999.716776739157
-0.417545530624372,0.661092755410628,1,10.4831393309688,1001.61922872818
0.599367501007478,1.03193794896815,0,8.84744144759049,1000.92746387947
1.24443806991725,1.94549153045104,2,12.2065384529271,1003.38702958301
-2.19302763861476,1.14815045011182,2,1.32904801703622,1000.56272973689
-1.65124412297162,0.901810115457236,2,1.18905074557154,1000.07817882499
-1.2702557369127,0.284292805655464,0,0.248714805328471,999.775689831033
1.1397035143072,1.45287982400493,0,-0.155044102832741,1000.07144742926
-0.448748120237955,1.44650285609376,2,8.34197664662918,1001.17168289501
2.21517651678352,1.1593946242028,0,2.08597861748559,999.373000430554
1.98128128366305,0.380647450756345,1,0.662252129042161,998.546993451013
0.501528139264596,1.33290787475288,0,9.42413035706494,1001.60141361438
-0.14315536851103,0.655733325546222,0,9.8773234221598,1000.83971046497
1.29371538936783,0.84152277232588,1,1.20382303224719,1001.57580767311
-1.39478356412301,1.1775682351252,1,-0.0391832937610808,1001.1599931959
0.115972277087903,1.15836585973561,0,7.80146442493375,999.37685620296
0.163629784559389,0.666738922144199,0,2.50084328649437,1000.17463373888
1.2512773078612,1.20495804306628,0,2.45947441463791,1000.86434020386
0.775480761928167,0.542572701141031,1,10.4233899522072,998.812866629363
0.103103080276769,0.538921645980354,1,11.2033237933151,1001.39570973331
-0.774365449442988,1.26284782809777,2,0.86277853096792,999.037649346014
-0.975517697436559,2.18914646429815,0,9.55893741521773,1000.61441969068
0.852956863516797,0.735645570993491,2,0.388558893862564,999.399201318379
-1.22656781044896,2.32713873865045,2,3.40950613585817,1000.47286683136
-1.11176832101664,1.21735911991251,1,10.1054983744426,998.669075396713
0.557619196654374,0.0466681846295413,2,11.62341133792,1000.61729249818
-0.467619405321891,1.34602088623597,0,7.52983260451728,999.438258535811
1.12736662719284,0.940106690506173,0,0.316401603096613,999.638034547616
-0.665834990943122,0.702681161064187,0,0.377295427934401,1000.09150261621
-1.00571418458244,1.364965851361,2,3.36501312271408,1000.55572589527
-2.24515873906413,0.888803545753869,3,-1.33385901702781,999.824552304869
-0.712728386237822,0.827639984330592,1,8.73447966263323,1002.06631951771
-0.250337187100225,2.93947334518824,0,1.34212094120596,999.711167262524
0.487922874323189,0.560313402201947,1,7.72947123009619,999.870993560202
-0.0965391583836145,1.00907592549515,1,10.6199786691199,999.896912322936
0.666213328158622,0.401820948076998,1,6.54022252738043,1000.17662610761
0.0108782633664871,0.864048985053509,0,10.0611914040705,999.774104407039
0.346448749423974,1.18826585322237,1,0.150466116323172,1000.31680329357
0.410050573351772,1.02879743655687,1,11.3664404834701,998.855494489949
-0.75663869892145,0.234816887547018,3,2.65873968270441,999.220274750921
1.20510595386907,0.942682482606484,1,0.654935446671194,999.442455260616
-0.839571893672316,1.51012305586131,1,1.65198133835939,1000.01963758444
0.407406452780674,0.451271614948315,2,15.6852587263849,1001.09063111046
